<?xml version="1.0"?>
<opencv_storage>
<preloadModel>"./models/MultiLayerBGSModel.yml"</preloadModel>
<saveModel>0</saveModel>
<detectAfter>0</detectAfter>
<disableDetectMode>1</disableDetectMode>
<disableLearningInDetecMode>0</disableLearningInDetecMode>
<loadDefaultParams>1</loadDefaultParams>
<max_mode_num>5</max_mode_num>
<weight_updating_constant>5.</weight_updating_constant>
<texture_weight>5.0000000000000000e-001</texture_weight>
<bg_mode_percent>6.0000002384185791e-001</bg_mode_percent>
<pattern_neig_half_size>4</pattern_neig_half_size>
<pattern_neig_gaus_sigma>3.</pattern_neig_gaus_sigma>
<bg_prob_threshold>2.0000000298023224e-001</bg_prob_threshold>
<bg_prob_updating_threshold>2.0000000298023224e-001</bg_prob_updating_threshold>
<robust_LBP_constant>3</robust_LBP_constant>
<min_noised_angle>1.7453293502330780e-001</min_noised_angle>
<shadow_rate>6.0000002384185791e-001</shadow_rate>
<highlight_rate>1.2000000476837158e+000</highlight_rate>
<bilater_filter_sigma_s>3.</bilater_filter_sigma_s>
<bilater_filter_sigma_r>1.0000000149011612e-001</bilater_filter_sigma_r>
<frame_duration>1.0000000149011612e-001</frame_duration>
<learn_mode_learn_rate_per_second>5.0000000000000000e-001</learn_mode_learn_rate_per_second>
<learn_weight_learn_rate_per_second>5.0000000000000000e-001</learn_weight_learn_rate_per_second>
<learn_init_mode_weight>5.0000000745058060e-002</learn_init_mode_weight>
<detect_mode_learn_rate_per_second>9.9999997764825821e-003</detect_mode_learn_rate_per_second>
<detect_weight_learn_rate_per_second>9.9999997764825821e-003</detect_weight_learn_rate_per_second>
<detect_init_mode_weight>1.0000000474974513e-003</detect_init_mode_weight>
<showOutput>0</showOutput>
</opencv_storage>
